task,mae,mse
weather_ordinal,0.08433734939759036,0.09036144578313253
adult_ordinal,0.29559748427672955,0.389937106918239
