task,mae,mse
weather_ordinal,0.08885542168674698,0.08885542168674698
adult_ordinal,0.2830188679245283,0.3333333333333333
