task,mae,mse
weather_ordinal,0.0963855421686747,0.10240963855421686
adult_ordinal,0.279874213836478,0.36163522012578614
