task,mae,mse
adult_ordinal,0.27358490566037735,0.36163522012578614
weather_ordinal,0.11746987951807229,0.13253012048192772
