task,mae,mse
emotion,12.575714285714286,391.9214285714286
population,2841.927364864865,113646585.3589527
similarity,0.9791666666666665,1.5674791666666659
similarity,1.050833333333333,1.7224791666666661
