task,mae,mse
weather_ordinal,0.09186746987951808,0.09789156626506024
adult_ordinal,0.27672955974842767,0.33962264150943394
