task,mae,mse
adult_ordinal,0.3081761006289308,0.4276729559748428
weather_ordinal,0.09487951807228916,0.11295180722891567
