task,mae,mse
emotion,16.359370706120874,672.8923711179892
similarity,3.6918116834349375,17.96132390156392
