task,mae,mse
adult_ordinal,0.3050314465408805,0.4308176100628931
weather_ordinal,0.0858433734939759,0.09789156626506024
