task,mae,mse
adult_ordinal,0.29245283018867924,0.4056603773584906
weather_ordinal,0.09186746987951808,0.10391566265060241
