task,mae,mse
emotion,11.9335,318.2738
population,12544.3705,819499764.6598
similarity,0.8840983326539977,1.2266970576163547
similarity,0.8840983326539977,1.2266970576163547
