task,mae,mse
weather_ordinal,0.09939759036144578,0.10240963855421686
adult_ordinal,0.2672955974842767,0.31761006289308175
