,worker_acc_mean,worker_acc_var,l_per_q,l_per_w,truth_var,error_var
face,0.6008885628505063,0.06925615071919962,9,194,0.0,39.64238108507892
adult_ordinal,0.6502095223635239,0.3445918965090938,10,12,365.96159170918867,883.1952272634727
waterbird,0.6355650522317189,0.15096280376493082,39,108,30.864197530864214,0.0
dog,0.7004580768772887,0.19791430597604331,10,74,9.00097351397085,1933.0926928594565
weather_ordinal,0.8359898700446544,0.29389241329312993,5,4,13.522967371494003,1503.027489982227
movie,0.8820457895484162,0.11609097967929982,20,70,1.0,0.0
temporal,0.8413318349187286,0.15875086859459656,10,61,36.73094582185489,0.0
