task,mae,mse
weather_ordinal,0.03614457831325301,0.03614457831325301
adult_ordinal,0.17295597484276728,0.18553459119496854
