task,mae,mse
emotion,16.05,648.6157142857143
population,2684.867961711712,101440705.09827797
similarity,1.5375,3.7274791666666673
similarity,1.5375,3.7274791666666673
